{
  "bucketName": "popnd82dea5bd54c4b12aa305515ccc9e5e8",
  "authPolicyName": "s3_amplify_52da66af",
  "unauthPolicyName": "s3_amplify_52da66af",
  "authRoleName": {
    "Ref": "AuthRoleName"
  },
  "unauthRoleName": {
    "Ref": "UnauthRoleName"
  },
  "selectedGuestPermissions": [
    "s3:GetObject",
    "s3:ListBucket"
  ],
  "selectedAuthenticatedPermissions": [
    "s3:PutObject",
    "s3:GetObject",
    "s3:ListBucket",
    "s3:DeleteObject"
  ],
  "s3PermissionsAuthenticatedPublic": "s3:PutObject,s3:GetObject,s3:DeleteObject",
  "s3PublicPolicy": "Public_policy_f9a328b1",
  "s3PermissionsAuthenticatedUploads": "s3:PutObject",
  "s3UploadsPolicy": "Uploads_policy_f9a328b1",
  "s3PermissionsAuthenticatedProtected": "s3:PutObject,s3:GetObject,s3:DeleteObject",
  "s3ProtectedPolicy": "Protected_policy_f9a328b1",
  "s3PermissionsAuthenticatedPrivate": "s3:PutObject,s3:GetObject,s3:DeleteObject",
  "s3PrivatePolicy": "Private_policy_f9a328b1",
  "AuthenticatedAllowList": "ALLOW",
  "s3ReadPolicy": "read_policy_f9a328b1",
  "s3PermissionsGuestPublic": "DISALLOW",
  "s3PermissionsGuestUploads": "DISALLOW",
  "GuestAllowList": "DISALLOW",
  "triggerFunction": "S3Triggerf2de1f7e"
}