{
  "version": "1",
  "cognitoConfig": {
    "identityPoolName": "popn09_identityPool",
    "allowUnauthenticatedIdentities": true,
    "resourceNameTruncated": "popn48ee3cd1",
    "userPoolName": "popn09_userpool",
    "autoVerifiedAttributes": [
      "email"
    ],
    "mfaConfiguration": "OFF",
    "mfaTypes": [
      "SMS Text Message"
    ],
    "smsAuthenticationMessage": "Your authentication code is {####}",
    "smsVerificationMessage": "Your verification code is {####}",
    "emailVerificationSubject": "Your verification code",
    "emailVerificationMessage": "Your verification code is {####}",
    "defaultPasswordPolicy": false,
    "passwordPolicyMinLength": 8,
    "passwordPolicyCharacters": [],
    "requiredAttributes": [
      "email",
      "preferred_username"
    ],
    "aliasAttributes": [],
    "userpoolClientGenerateSecret": false,
    "userpoolClientRefreshTokenValidity": "3065",
    "userpoolClientWriteAttributes": [
      "email",
      "preferred_username"
    ],
    "userpoolClientReadAttributes": [
      "email",
      "preferred_username"
    ],
    "userpoolClientLambdaRole": "popn0948ee3cd1_userpoolclient_lambda_role",
    "userpoolClientSetAttributes": true,
    "authSelections": "identityPoolAndUserPool",
    "resourceName": "popn09",
    "serviceName": "Cognito",
    "useDefault": "manual",
    "sharedId": "48ee3cd1",
    "userPoolGroupList": [],
    "userPoolGroups": false,
    "usernameAttributes": [
      "email"
    ],
    "usernameCaseSensitive": false,
    "adminQueries": false,
    "hostedUI": false,
    "triggers": {
      "CreateAuthChallenge": [
        "custom"
      ],
      "DefineAuthChallenge": [
        "custom"
      ],
      "PreSignup": [
        "custom"
      ],
      "VerifyAuthChallengeResponse": [
        "custom"
      ],
      "PreTokenGeneration": [
        "custom"
      ]
    },
    "authRoleArn": {
      "Fn::GetAtt": [
        "AuthRole",
        "Arn"
      ]
    },
    "unauthRoleArn": {
      "Fn::GetAtt": [
        "UnauthRole",
        "Arn"
      ]
    },
    "breakCircularDependency": true,
    "useEnabledMfas": false,
    "dependsOn": [
      {
        "category": "function",
        "resourceName": "popn09CreateAuthChallenge",
        "triggerProvider": "Cognito",
        "attributes": [
          "Arn",
          "Name"
        ]
      },
      {
        "category": "function",
        "resourceName": "popn09DefineAuthChallenge",
        "triggerProvider": "Cognito",
        "attributes": [
          "Arn",
          "Name"
        ]
      },
      {
        "category": "function",
        "resourceName": "popn09PreSignup",
        "triggerProvider": "Cognito",
        "attributes": [
          "Arn",
          "Name"
        ]
      },
      {
        "category": "function",
        "resourceName": "popn09VerifyAuthChallengeResponse",
        "triggerProvider": "Cognito",
        "attributes": [
          "Arn",
          "Name"
        ]
      },
      {
        "category": "function",
        "resourceName": "popn09PreTokenGeneration",
        "triggerProvider": "Cognito",
        "attributes": [
          "Arn",
          "Name"
        ]
      }
    ],
    "permissions": [],
    "authTriggerConnections": "[\n  {\n    \"triggerType\": \"CreateAuthChallenge\",\n    \"lambdaFunctionName\": \"popn09CreateAuthChallenge\"\n  },\n  {\n    \"triggerType\": \"DefineAuthChallenge\",\n    \"lambdaFunctionName\": \"popn09DefineAuthChallenge\"\n  },\n  {\n    \"triggerType\": \"PreSignUp\",\n    \"lambdaFunctionName\": \"popn09PreSignup\"\n  },\n  {\n    \"triggerType\": \"VerifyAuthChallengeResponse\",\n    \"lambdaFunctionName\": \"popn09VerifyAuthChallengeResponse\"\n  },\n  {\n    \"triggerType\": \"PreTokenGeneration\",\n    \"lambdaFunctionName\": \"popn09PreTokenGeneration\"\n  }\n]",
    "thirdPartyAuth": false,
    "authProviders": [],
    "parentStack": {
      "Ref": "AWS::StackId"
    }
  }
}