{
    "appName": "popnPinPoint",
    "roleName": "pinpointLambdaRolea65a0245",
    "cloudformationPolicyName": "cloudformationPolicya65a0245",
    "cloudWatchPolicyName": "cloudWatchPolicya65a0245",
    "pinpointPolicyName": "pinpointPolicya65a0245",
    "authPolicyName": "pinpoint_amplify_a65a0245",
    "unauthPolicyName": "pinpoint_amplify_a65a0245",
    "authRoleName": {
        "Ref": "AuthRoleName"
    },
    "unauthRoleName": {
        "Ref": "UnauthRoleName"
    },
    "authRoleArn": {
        "Fn::GetAtt": [
            "AuthRole",
            "Arn"
        ]
    }
}