{
  "trigger": true,
  "modules": [
    "custom"
  ],
  "parentResource": "popn95903adb",
  "functionName": "popn95903adbPreTokenGeneration",
  "resourceName": "popn95903adbPreTokenGeneration",
  "parentStack": "auth",
  "triggerEnvs": [],
  "triggerDir": "/usr/local/lib/node_modules/@aws-amplify/cli/node_modules/amplify-category-auth/provider-utils/awscloudformation/triggers/PreTokenGeneration",
  "triggerTemplate": "PreTokenGeneration.json.ejs",
  "triggerEventPath": "PreTokenGeneration.event.json",
  "roleName": "popn95903adbPreTokenGeneration",
  "skipEdit": true,
  "enableCors": false
}