{
  "providers": {
    "awscloudformation": {
      "AuthRoleName": "amplify-popn-devhasler-110439-authRole",
      "UnauthRoleArn": "arn:aws:iam::586204732146:role/amplify-popn-devhasler-110439-unauthRole",
      "AuthRoleArn": "arn:aws:iam::586204732146:role/amplify-popn-devhasler-110439-authRole",
      "Region": "us-east-1",
      "DeploymentBucketName": "amplify-popn-devhasler-110439-deployment",
      "UnauthRoleName": "amplify-popn-devhasler-110439-unauthRole",
      "StackName": "amplify-popn-devhasler-110439",
      "StackId": "arn:aws:cloudformation:us-east-1:586204732146:stack/amplify-popn-devhasler-110439/d57baf70-7f8a-11ec-a57d-12f6914b066f",
      "AmplifyAppId": "d2p4n0p4w69sci",
      "AuthTriggerTemplateURL": "https://s3.amazonaws.com/amplify-popn-devhasler-110439-deployment/amplify-cfn-templates/auth/auth-trigger-cloudformation-template.json"
    }
  },
  "auth": {
    "popn09": {
      "service": "Cognito",
      "providerPlugin": "awscloudformation",
      "dependsOn": [
        {
          "category": "function",
          "resourceName": "popn09CreateAuthChallenge",
          "triggerProvider": "Cognito",
          "attributes": [
            "Arn",
            "Name"
          ]
        },
        {
          "category": "function",
          "resourceName": "popn09DefineAuthChallenge",
          "triggerProvider": "Cognito",
          "attributes": [
            "Arn",
            "Name"
          ]
        },
        {
          "category": "function",
          "resourceName": "popn09PreSignup",
          "triggerProvider": "Cognito",
          "attributes": [
            "Arn",
            "Name"
          ]
        },
        {
          "category": "function",
          "resourceName": "popn09VerifyAuthChallengeResponse",
          "triggerProvider": "Cognito",
          "attributes": [
            "Arn",
            "Name"
          ]
        },
        {
          "category": "function",
          "resourceName": "popn09PreTokenGeneration",
          "triggerProvider": "Cognito",
          "attributes": [
            "Arn",
            "Name"
          ]
        }
      ],
      "customAuth": true,
      "frontendAuthConfig": {
        "loginMechanisms": [
          "EMAIL"
        ],
        "signupAttributes": [
          "EMAIL",
          "PREFERRED_USERNAME"
        ],
        "passwordProtectionSettings": {
          "passwordPolicyMinLength": 8,
          "passwordPolicyCharacters": []
        },
        "mfaConfiguration": "OFF",
        "mfaTypes": [
          "SMS"
        ],
        "verificationMechanisms": [
          "EMAIL"
        ],
        "socialProviders": [],
        "usernameAttributes": [
          "EMAIL"
        ]
      },
      "output": {
        "CreatedSNSRole": "arn:aws:iam::586204732146:role/sns48ee3cd1110439-devhasler",
        "UserPoolId": "us-east-1_iGI3e7MgW",
        "AppClientIDWeb": "3qpqsbtfuh557dlghtq0u4qvq",
        "AppClientID": "6f9t3s7oenq4n851rm9p7i94cs",
        "IdentityPoolId": "us-east-1:45fb84d4-7520-4934-8052-6d988b6bf903",
        "UserPoolArn": "arn:aws:cognito-idp:us-east-1:586204732146:userpool/us-east-1_iGI3e7MgW",
        "IdentityPoolName": "popn09_identityPool__devhasler",
        "UserPoolName": "popn09_userpool"
      },
      "lastPushTimeStamp": "2022-04-22T17:21:55.034Z",
      "providerMetadata": {
        "s3TemplateURL": "https://s3.amazonaws.com/amplify-popn-devhasler-110439-deployment/amplify-cfn-templates/auth/popn09-cloudformation-template.json",
        "logicalId": "authpopn09"
      }
    }
  },
  "storage": {
    "sneaker": {
      "service": "S3",
      "providerPlugin": "awscloudformation",
      "dependsOn": [
        {
          "category": "function",
          "resourceName": "S3Triggerf2de1f7e",
          "attributes": [
            "Name",
            "Arn",
            "LambdaExecutionRole"
          ]
        }
      ],
      "output": {
        "BucketName": "popnd82dea5bd54c4b12aa305515ccc9e5e8110439-devhasler",
        "Region": "us-east-1"
      },
      "lastPushTimeStamp": "2022-04-22T17:21:55.039Z",
      "providerMetadata": {
        "s3TemplateURL": "https://s3.amazonaws.com/amplify-popn-devhasler-110439-deployment/amplify-cfn-templates/storage/s3-cloudformation-template.json",
        "logicalId": "storagesneaker"
      }
    }
  },
  "function": {
    "S3Triggerf2de1f7e": {
      "service": "Lambda",
      "providerPlugin": "awscloudformation",
      "build": true,
      "output": {
        "Region": "us-east-1",
        "Arn": "arn:aws:lambda:us-east-1:586204732146:function:S3Triggerf2de1f7e-devhasler",
        "Name": "S3Triggerf2de1f7e-devhasler",
        "LambdaExecutionRole": "S3Triggerf2de1f7eLambdaRolef2de1f7e-devhasler"
      },
      "lastPushTimeStamp": "2022-04-22T17:21:55.041Z",
      "providerMetadata": {
        "s3TemplateURL": "https://s3.amazonaws.com/amplify-popn-devhasler-110439-deployment/amplify-cfn-templates/function/S3Triggerf2de1f7e-cloudformation-template.json",
        "logicalId": "functionS3Triggerf2de1f7e"
      },
      "s3Bucket": {
        "deploymentBucketName": "amplify-popn-devhasler-110439-deployment",
        "s3Key": "amplify-builds/S3Triggerf2de1f7e-516846734a4339565774-build.zip"
      }
    },
    "popn95903adbCreateAuthChallenge": {
      "build": true,
      "providerPlugin": "awscloudformation",
      "service": "Lambda",
      "output": {
        "Region": "us-east-1",
        "Arn": "arn:aws:lambda:us-east-1:586204732146:function:popn95903adbCreateAuthChallenge-devhasler",
        "Name": "popn95903adbCreateAuthChallenge-devhasler",
        "LambdaExecutionRole": "popn95903adbCreateAuthChallenge-devhasler"
      },
      "lastPushTimeStamp": "2022-04-22T17:21:55.043Z",
      "providerMetadata": {
        "s3TemplateURL": "https://s3.amazonaws.com/amplify-popn-devhasler-110439-deployment/amplify-cfn-templates/function/popn95903adbCreateAuthChallenge-cloudformation-template.json",
        "logicalId": "functionpopn95903adbCreateAuthChallenge"
      },
      "s3Bucket": {
        "deploymentBucketName": "amplify-popn-devhasler-110439-deployment",
        "s3Key": "amplify-builds/popn95903adbCreateAuthChallenge-51706d52454379307a68-build.zip"
      }
    },
    "popn95903adbDefineAuthChallenge": {
      "build": true,
      "providerPlugin": "awscloudformation",
      "service": "Lambda",
      "output": {
        "Region": "us-east-1",
        "Arn": "arn:aws:lambda:us-east-1:586204732146:function:popn95903adbDefineAuthChallenge-devhasler",
        "Name": "popn95903adbDefineAuthChallenge-devhasler",
        "LambdaExecutionRole": "popn95903adbDefineAuthChallenge-devhasler"
      },
      "lastPushTimeStamp": "2022-04-22T17:21:55.046Z",
      "providerMetadata": {
        "s3TemplateURL": "https://s3.amazonaws.com/amplify-popn-devhasler-110439-deployment/amplify-cfn-templates/function/popn95903adbDefineAuthChallenge-cloudformation-template.json",
        "logicalId": "functionpopn95903adbDefineAuthChallenge"
      },
      "s3Bucket": {
        "deploymentBucketName": "amplify-popn-devhasler-110439-deployment",
        "s3Key": "amplify-builds/popn95903adbDefineAuthChallenge-2b55526e716c4f584333-build.zip"
      }
    },
    "popn95903adbPreSignup": {
      "build": true,
      "providerPlugin": "awscloudformation",
      "service": "Lambda",
      "output": {
        "Region": "us-east-1",
        "Arn": "arn:aws:lambda:us-east-1:586204732146:function:popn95903adbPreSignup-devhasler",
        "Name": "popn95903adbPreSignup-devhasler",
        "LambdaExecutionRole": "popn95903adbPreSignup-devhasler"
      },
      "lastPushTimeStamp": "2022-04-22T17:21:55.049Z",
      "providerMetadata": {
        "s3TemplateURL": "https://s3.amazonaws.com/amplify-popn-devhasler-110439-deployment/amplify-cfn-templates/function/popn95903adbPreSignup-cloudformation-template.json",
        "logicalId": "functionpopn95903adbPreSignup"
      },
      "s3Bucket": {
        "deploymentBucketName": "amplify-popn-devhasler-110439-deployment",
        "s3Key": "amplify-builds/popn95903adbPreSignup-74617263355569467871-build.zip"
      }
    },
    "popn95903adbVerifyAuthChallengeResponse": {
      "build": true,
      "providerPlugin": "awscloudformation",
      "service": "Lambda",
      "output": {
        "Region": "us-east-1",
        "Arn": "arn:aws:lambda:us-east-1:586204732146:function:popn95903adbVerifyAuthChallengeResponse-devhasler",
        "Name": "popn95903adbVerifyAuthChallengeResponse-devhasler",
        "LambdaExecutionRole": "popn95903adbVerifyAuthChallengeResponse-devhasler"
      },
      "lastPushTimeStamp": "2022-04-22T17:21:55.051Z",
      "providerMetadata": {
        "s3TemplateURL": "https://s3.amazonaws.com/amplify-popn-devhasler-110439-deployment/amplify-cfn-templates/function/popn95903adbVerifyAuthChallengeResponse-cloudformation-template.json",
        "logicalId": "functionpopn95903adbVerifyAuthChallengeResponse"
      },
      "s3Bucket": {
        "deploymentBucketName": "amplify-popn-devhasler-110439-deployment",
        "s3Key": "amplify-builds/popn95903adbVerifyAuthChallengeResponse-38744e43383669487353-build.zip"
      }
    },
    "popn95903adbPreTokenGeneration": {
      "build": true,
      "providerPlugin": "awscloudformation",
      "service": "Lambda",
      "output": {
        "Region": "us-east-1",
        "Arn": "arn:aws:lambda:us-east-1:586204732146:function:popn95903adbPreTokenGeneration-devhasler",
        "Name": "popn95903adbPreTokenGeneration-devhasler",
        "LambdaExecutionRole": "popn95903adbPreTokenGeneration-devhasler"
      },
      "lastPushTimeStamp": "2022-04-22T17:21:55.052Z",
      "providerMetadata": {
        "s3TemplateURL": "https://s3.amazonaws.com/amplify-popn-devhasler-110439-deployment/amplify-cfn-templates/function/popn95903adbPreTokenGeneration-cloudformation-template.json",
        "logicalId": "functionpopn95903adbPreTokenGeneration"
      },
      "s3Bucket": {
        "deploymentBucketName": "amplify-popn-devhasler-110439-deployment",
        "s3Key": "amplify-builds/popn95903adbPreTokenGeneration-4839363468636a6a3975-build.zip"
      }
    },
    "popn09CreateAuthChallenge": {
      "build": true,
      "providerPlugin": "awscloudformation",
      "service": "Lambda",
      "output": {
        "Region": "us-east-1",
        "Arn": "arn:aws:lambda:us-east-1:586204732146:function:popn09CreateAuthChallenge-devhasler",
        "Name": "popn09CreateAuthChallenge-devhasler",
        "LambdaExecutionRole": "popn09CreateAuthChallenge-devhasler"
      },
      "lastPushTimeStamp": "2022-04-22T17:21:55.055Z",
      "providerMetadata": {
        "s3TemplateURL": "https://s3.amazonaws.com/amplify-popn-devhasler-110439-deployment/amplify-cfn-templates/function/popn09CreateAuthChallenge-cloudformation-template.json",
        "logicalId": "functionpopn09CreateAuthChallenge"
      },
      "s3Bucket": {
        "deploymentBucketName": "amplify-popn-devhasler-110439-deployment",
        "s3Key": "amplify-builds/popn09CreateAuthChallenge-6247314341424a476f67-build.zip"
      }
    },
    "popn09DefineAuthChallenge": {
      "build": true,
      "providerPlugin": "awscloudformation",
      "service": "Lambda",
      "output": {
        "Region": "us-east-1",
        "Arn": "arn:aws:lambda:us-east-1:586204732146:function:popn09DefineAuthChallenge-devhasler",
        "Name": "popn09DefineAuthChallenge-devhasler",
        "LambdaExecutionRole": "popn09DefineAuthChallenge-devhasler"
      },
      "lastPushTimeStamp": "2022-04-22T17:21:55.056Z",
      "providerMetadata": {
        "s3TemplateURL": "https://s3.amazonaws.com/amplify-popn-devhasler-110439-deployment/amplify-cfn-templates/function/popn09DefineAuthChallenge-cloudformation-template.json",
        "logicalId": "functionpopn09DefineAuthChallenge"
      },
      "s3Bucket": {
        "deploymentBucketName": "amplify-popn-devhasler-110439-deployment",
        "s3Key": "amplify-builds/popn09DefineAuthChallenge-71397a626b663444414a-build.zip"
      }
    },
    "popn09PreSignup": {
      "build": true,
      "providerPlugin": "awscloudformation",
      "service": "Lambda",
      "output": {
        "Region": "us-east-1",
        "Arn": "arn:aws:lambda:us-east-1:586204732146:function:popn09PreSignup-devhasler",
        "Name": "popn09PreSignup-devhasler",
        "LambdaExecutionRole": "popn09PreSignup-devhasler"
      },
      "lastPushTimeStamp": "2022-04-22T17:21:55.058Z",
      "providerMetadata": {
        "s3TemplateURL": "https://s3.amazonaws.com/amplify-popn-devhasler-110439-deployment/amplify-cfn-templates/function/popn09PreSignup-cloudformation-template.json",
        "logicalId": "functionpopn09PreSignup"
      },
      "s3Bucket": {
        "deploymentBucketName": "amplify-popn-devhasler-110439-deployment",
        "s3Key": "amplify-builds/popn09PreSignup-70672f6c336e4f34754b-build.zip"
      }
    },
    "popn09VerifyAuthChallengeResponse": {
      "build": true,
      "providerPlugin": "awscloudformation",
      "service": "Lambda",
      "output": {
        "Region": "us-east-1",
        "Arn": "arn:aws:lambda:us-east-1:586204732146:function:popn09VerifyAuthChallengeResponse-devhasler",
        "Name": "popn09VerifyAuthChallengeResponse-devhasler",
        "LambdaExecutionRole": "popn09VerifyAuthChallengeResponse-devhasler"
      },
      "lastPushTimeStamp": "2022-04-22T17:21:55.060Z",
      "providerMetadata": {
        "s3TemplateURL": "https://s3.amazonaws.com/amplify-popn-devhasler-110439-deployment/amplify-cfn-templates/function/popn09VerifyAuthChallengeResponse-cloudformation-template.json",
        "logicalId": "functionpopn09VerifyAuthChallengeResponse"
      },
      "s3Bucket": {
        "deploymentBucketName": "amplify-popn-devhasler-110439-deployment",
        "s3Key": "amplify-builds/popn09VerifyAuthChallengeResponse-6a35536c436175672b38-build.zip"
      }
    },
    "popn09PreTokenGeneration": {
      "build": true,
      "providerPlugin": "awscloudformation",
      "service": "Lambda",
      "output": {
        "Region": "us-east-1",
        "Arn": "arn:aws:lambda:us-east-1:586204732146:function:popn09PreTokenGeneration-devhasler",
        "Name": "popn09PreTokenGeneration-devhasler",
        "LambdaExecutionRole": "popn09PreTokenGeneration-devhasler"
      },
      "lastPushTimeStamp": "2022-04-22T17:21:55.062Z",
      "providerMetadata": {
        "s3TemplateURL": "https://s3.amazonaws.com/amplify-popn-devhasler-110439-deployment/amplify-cfn-templates/function/popn09PreTokenGeneration-cloudformation-template.json",
        "logicalId": "functionpopn09PreTokenGeneration"
      },
      "s3Bucket": {
        "deploymentBucketName": "amplify-popn-devhasler-110439-deployment",
        "s3Key": "amplify-builds/popn09PreTokenGeneration-6d685056515633632b37-build.zip"
      }
    },
    "popnPushNotification": {
      "build": true,
      "providerPlugin": "awscloudformation",
      "service": "Lambda",
      "dependsOn": [
        {
          "category": "api",
          "resourceName": "popn",
          "attributes": [
            "GraphQLAPIIdOutput",
            "GraphQLAPIEndpointOutput"
          ]
        }
      ],
      "lastBuildTimeStamp": "2022-04-22T15:01:30.644Z",
      "lastBuildType": "PROD",
      "lastPackageTimeStamp": "2022-04-22T15:01:30.778Z",
      "distZipFilename": "popnPushNotification-54364a6d577768547a50-build.zip",
      "s3Bucket": {
        "deploymentBucketName": "amplify-popn-devhasler-110439-deployment",
        "s3Key": "amplify-builds/popnPushNotification-54364a6d577768547a50-build.zip"
      },
      "providerMetadata": {
        "s3TemplateURL": "https://s3.amazonaws.com/amplify-popn-devhasler-110439-deployment/amplify-cfn-templates/function/popnPushNotification-cloudformation-template.json",
        "logicalId": "functionpopnPushNotification"
      },
      "lastPushTimeStamp": "2022-04-22T17:21:55.064Z",
      "output": {
        "Region": "us-east-1",
        "Arn": "arn:aws:lambda:us-east-1:586204732146:function:popnPushNotification-devhasler",
        "Name": "popnPushNotification-devhasler",
        "LambdaExecutionRole": "popnLambdaRole6494d5d0-devhasler"
      },
      "lastPushDirHash": "l4PUfvZez617nBxJSY0lVhPbDbI="
    },
    "pinpoint": {
      "build": true,
      "providerPlugin": "awscloudformation",
      "service": "Lambda",
      "dependsOn": [
        {
          "category": "analytics",
          "resourceName": "popnPinPoint",
          "attributes": [
            "Id",
            "Region"
          ]
        }
      ],
      "lastBuildTimeStamp": "2022-04-22T14:50:20.514Z",
      "lastBuildType": "PROD",
      "lastPackageTimeStamp": "2022-04-22T14:50:23.668Z",
      "distZipFilename": "pinpoint-6c556a466e7a58417758-build.zip",
      "s3Bucket": {
        "deploymentBucketName": "amplify-popn-devhasler-110439-deployment",
        "s3Key": "amplify-builds/pinpoint-6c556a466e7a58417758-build.zip"
      },
      "providerMetadata": {
        "s3TemplateURL": "https://s3.amazonaws.com/amplify-popn-devhasler-110439-deployment/amplify-cfn-templates/function/pinpoint-cloudformation-template.json",
        "logicalId": "functionpinpoint"
      },
      "lastPushTimeStamp": "2022-04-22T17:21:55.065Z",
      "output": {
        "Region": "us-east-1",
        "Arn": "arn:aws:lambda:us-east-1:586204732146:function:pinpoint-devhasler",
        "Name": "pinpoint-devhasler",
        "LambdaExecutionRole": "popnLambdaRolef999f017-devhasler"
      },
      "lastPushDirHash": "mGrPDb/nm/XaxstVRLGRbbJ5WZ4="
    }
  },
  "api": {
    "popn": {
      "service": "AppSync",
      "providerPlugin": "awscloudformation",
      "output": {
        "authConfig": {
          "defaultAuthentication": {
            "authenticationType": "AMAZON_COGNITO_USER_POOLS",
            "userPoolConfig": {
              "userPoolId": "authpopn09"
            }
          },
          "additionalAuthenticationProviders": []
        },
        "GraphQLAPIIdOutput": "mci7g7otdfg7hdswtiqurnd3qe",
        "GraphQLAPIEndpointOutput": "https://yetomawlnbfrhgyadaxoeev5da.appsync-api.us-east-1.amazonaws.com/graphql"
      },
      "lastPushTimeStamp": "2022-04-22T17:21:57.552Z",
      "providerMetadata": {
        "s3TemplateURL": "https://s3.amazonaws.com/amplify-popn-devhasler-110439-deployment/amplify-cfn-templates/api/cloudformation-template.json",
        "logicalId": "apipopn"
      },
      "lastPushDirHash": "nL4ke8ol7pVwx/53Jai4dSGhVXk="
    }
  },
  "analytics": {
    "popnPinPoint": {
      "service": "Pinpoint",
      "providerPlugin": "awscloudformation",
      "providerMetadata": {
        "s3TemplateURL": "https://s3.amazonaws.com/amplify-popn-devhasler-110439-deployment/amplify-cfn-templates/analytics/pinpoint-cloudformation-template.json",
        "logicalId": "analyticspopnPinPoint"
      },
      "lastPushTimeStamp": "2022-04-22T17:21:55.069Z",
      "output": {
        "appName": "popnPinPoint-devhasler",
        "Region": "us-east-1",
        "Id": "af73d3a1c6d04a6f91782077b46fbef1"
      },
      "lastPushDirHash": "YYfXHRgYZX0VuArizG9ci25JqBc="
    }
  }
}