{
  "auth": {
    "popn09": {
      "service": "Cognito",
      "providerPlugin": "awscloudformation",
      "dependsOn": [
        {
          "category": "function",
          "resourceName": "popn09CreateAuthChallenge",
          "triggerProvider": "Cognito",
          "attributes": [
            "Arn",
            "Name"
          ]
        },
        {
          "category": "function",
          "resourceName": "popn09DefineAuthChallenge",
          "triggerProvider": "Cognito",
          "attributes": [
            "Arn",
            "Name"
          ]
        },
        {
          "category": "function",
          "resourceName": "popn09PreSignup",
          "triggerProvider": "Cognito",
          "attributes": [
            "Arn",
            "Name"
          ]
        },
        {
          "category": "function",
          "resourceName": "popn09VerifyAuthChallengeResponse",
          "triggerProvider": "Cognito",
          "attributes": [
            "Arn",
            "Name"
          ]
        },
        {
          "category": "function",
          "resourceName": "popn09PreTokenGeneration",
          "triggerProvider": "Cognito",
          "attributes": [
            "Arn",
            "Name"
          ]
        }
      ],
      "customAuth": true,
      "frontendAuthConfig": {
        "loginMechanisms": [
          "EMAIL"
        ],
        "signupAttributes": [
          "EMAIL",
          "PREFERRED_USERNAME"
        ],
        "passwordProtectionSettings": {
          "passwordPolicyMinLength": 8,
          "passwordPolicyCharacters": []
        },
        "mfaConfiguration": "OFF",
        "mfaTypes": [
          "SMS"
        ],
        "verificationMechanisms": [
          "EMAIL"
        ]
      }
    }
  },
  "storage": {
    "sneaker": {
      "service": "S3",
      "providerPlugin": "awscloudformation",
      "dependsOn": [
        {
          "category": "function",
          "resourceName": "S3Triggerf2de1f7e",
          "attributes": [
            "Name",
            "Arn",
            "LambdaExecutionRole"
          ]
        }
      ]
    }
  },
  "function": {
    "S3Triggerf2de1f7e": {
      "service": "Lambda",
      "providerPlugin": "awscloudformation",
      "build": true
    },
    "popn95903adbCreateAuthChallenge": {
      "build": true,
      "providerPlugin": "awscloudformation",
      "service": "Lambda"
    },
    "popn95903adbDefineAuthChallenge": {
      "build": true,
      "providerPlugin": "awscloudformation",
      "service": "Lambda"
    },
    "popn95903adbPreSignup": {
      "build": true,
      "providerPlugin": "awscloudformation",
      "service": "Lambda"
    },
    "popn95903adbVerifyAuthChallengeResponse": {
      "build": true,
      "providerPlugin": "awscloudformation",
      "service": "Lambda"
    },
    "popn95903adbPreTokenGeneration": {
      "build": true,
      "providerPlugin": "awscloudformation",
      "service": "Lambda"
    },
    "popn09CreateAuthChallenge": {
      "build": true,
      "providerPlugin": "awscloudformation",
      "service": "Lambda"
    },
    "popn09DefineAuthChallenge": {
      "build": true,
      "providerPlugin": "awscloudformation",
      "service": "Lambda"
    },
    "popn09PreSignup": {
      "build": true,
      "providerPlugin": "awscloudformation",
      "service": "Lambda"
    },
    "popn09VerifyAuthChallengeResponse": {
      "build": true,
      "providerPlugin": "awscloudformation",
      "service": "Lambda"
    },
    "popn09PreTokenGeneration": {
      "build": true,
      "providerPlugin": "awscloudformation",
      "service": "Lambda"
    },
    "popnPushNotification": {
      "build": true,
      "providerPlugin": "awscloudformation",
      "service": "Lambda",
      "dependsOn": [
        {
          "category": "api",
          "resourceName": "popn",
          "attributes": [
            "GraphQLAPIIdOutput",
            "GraphQLAPIEndpointOutput"
          ]
        }
      ]
    },
    "pinpoint": {
      "build": true,
      "providerPlugin": "awscloudformation",
      "service": "Lambda",
      "dependsOn": [
        {
          "category": "analytics",
          "resourceName": "popnPinPoint",
          "attributes": [
            "Id",
            "Region"
          ]
        }
      ]
    }
  },
  "api": {
    "popn": {
      "service": "AppSync",
      "providerPlugin": "awscloudformation",
      "output": {
        "authConfig": {
          "defaultAuthentication": {
            "authenticationType": "AMAZON_COGNITO_USER_POOLS",
            "userPoolConfig": {
              "userPoolId": "authpopn09"
            }
          },
          "additionalAuthenticationProviders": []
        }
      }
    }
  },
  "analytics": {
    "popnPinPoint": {
      "service": "Pinpoint",
      "providerPlugin": "awscloudformation"
    }
  }
}