{
  "trigger": true,
  "modules": [
    "custom"
  ],
  "parentResource": "popn09",
  "functionName": "popn09CreateAuthChallenge",
  "resourceName": "popn09CreateAuthChallenge",
  "parentStack": "auth",
  "triggerEnvs": "[]",
  "triggerDir": "/Users/haslhoff/.nvm/versions/node/v14.18.1/lib/node_modules/@aws-amplify/cli/node_modules/@aws-amplify/amplify-category-auth/provider-utils/awscloudformation/triggers/CreateAuthChallenge",
  "triggerTemplate": "CreateAuthChallenge.json.ejs",
  "triggerEventPath": "CreateAuthChallenge.event.json",
  "roleName": "popn09CreateAuthChallenge",
  "skipEdit": true,
  "enableCors": false
}